exp_id,ts,track,model,serialize_ver,max_len,loss,screen_or_full,pooled_oof,sim_only_oof,holdout,lb_public,notes
lin_v1,2026-07-01,eda,tfidf+linsvc,v1,-,hinge,full5,0.4346,0.4274,0.4422,,prompt-only generalizable baseline (GroupKFold)
lin_v1_rand,2026-07-01,eda,tfidf+linsvc,v1,-,hinge,full5,0.4334,,,,RandomKFold (leakage gap ~0 vs GroupKFold)
lin_v2_screen,2026-07-01,eda,tfidf+linsvc,v2,-,hinge,fold0,0.5237,,,,+last action = +0.089 (biggest single lever)
lin_v3_screen,2026-07-01,eda,tfidf+linsvc,v3,-,hinge,fold0,0.4936,,,,history dilutes linear model; hard6=0.340
lin_v4_screen,2026-07-01,eda,tfidf+linsvc,v4,-,hinge,fold0,0.5028,,,,hard6=0.354 (best on hard classes)
xlmr_v3_calib,2026-07-02,A,xlm-roberta-base,v3,160,weighted-ce,full5,0.6183,0.6307,0.6469,0.62851,"A100 batch128 3ep; soup greedy=[fold0] only; bias +0.024; 30k=25s A100; zip 515MB PASS | LB rank87, CV~LB gap +0.010 (pooled-OOF anchors LB)"
xlmr_v4_esc1,2026-07-02,A,xlm-roberta-base,v4,256,weighted-ce,full5,0.6770,0.6902,0.6892,0.67090,"+0.059 vs calib; 4ep LR3e-5; bias +0.004 holdout; 30k=32s A100; zip PASS -> 제출#2 후보 | LB 0.67090 (holdout-0.018 법칙 확인), 서버 82s"
scr_v5_320,2026-07-02,screen,xlm-roberta-base,v5,320,weighted-ce,fold0,0.6830,0.6976,,,LLRD 4ep
scr_v4_320,2026-07-02,screen,xlm-roberta-base,v4,320,weighted-ce,fold0,0.6863,0.6990,,,LLRD 4ep -> 교사 직렬화 확정(v4@320)
probe_large,2026-07-02,screen,xlm-roberta-large,v5,320,weighted-ce,fold0,0.6697,0.6830,,,3ep LR1e-5 — base(0.6863) 미달, 교사에서 제외(수렴느림)
teacher_base_s1234,2026-07-02,B,xlm-roberta-base,v4,320,weighted-ce,full5,0.6766,,,,4ep LLRD; npz확보
teacher_base_s2024,2026-07-02,B,xlm-roberta-base,v4,320,weighted-ce,full5,0.6763,,,,4ep LLRD; npz확보; T1+T2앙상블 0.6774(+0.001, seed무의미)
probe_large2,2026-07-02,screen,xlm-roberta-large,v4,320,weighted-ce,fold0,0.7196,,,,4ep LR2e-5 LLRD — base+0.033, 채택! large 5fold 진행
teacher_klue_s1234,2026-07-02,B,klue/roberta-base,v4,320,weighted-ce,full5,0.6774,,,,4ep LLRD; 5fold [0.681 0.662 0.682 0.686 0.677]; npz확보; 다양성 멤버 확정
teacher_largeA,2026-07-02,B,xlm-roberta-large,v4,320,weighted-ce,fold1-2,,,,,4ep LR2e-5 LLRD; fold1 0.6954 fold2 0.7094; large 3fold 평균 0.708(최강)
submit_stack2,2026-07-02,B,base_e5+klue+lgbstack,v4,320,weighted-ce,deploy,0.7050,,0.7296,0.71490,LB실측! 예측0.7116 대비 +0.003; T4 3분9초
submit_stack_kl,2026-07-02,B,klue+large+lgbstack,v4,320,weighted-ce,deploy,0.7178,,0.7396,0.72191,LB실측! 예측0.7216 오차0.0003; T4 5분48초; 38위
probe_large_v5,2026-07-02,screen,xlm-roberta-large,v5,384,weighted-ce,fold0,0.7096,,,,v5@384 < v4@320(0.7196) — 탈락, 스택다양성 후보로만 보관
probe_large_6ep,2026-07-02,screen,xlm-roberta-large,v4,320,weighted-ce,fold0,0.7399,,,,6ep = 4ep+0.020(+0.010/ep)! 함대 축 확정, 8ep 프로브는 충전 후
teacher_lg6bc,2026-07-03,B,xlm-roberta-large,v4,320,weighted-ce,fold1-3(6ep),,,,,6ep f1=0.7253 f2=0.7425 f3=0.7246 (+0.029 vs 4ep 평균); f4 유닛소진 미완
member_largefull6,2026-07-03,B,xlm-roberta-large,v4,320,weighted-ce,FULL70k(6ep),,,,,배포멤버 661MB 프루닝 확보
submit_stack_kl6,2026-07-03,B,klue+large6ep+lgbstack,v4,320,weighted-ce,deploy,0.7297,,0.7505,0.74000,LB실측! 예측0.7325+0.0075(FULL멤버>fold평균 가정); T4 5분33초
probe_basev6,2026-07-03,screen,xlm-roberta-base,v6,320,weighted-ce,fold0,0.7040,0.7179(sim),,,T4 b64; v4대비 +0.018! v6 채택(SEQ트레일+PFLAG+NOHIST)
probe_basev6noau,2026-07-03,screen,xlm-roberta-base,v6,320,weighted-ce,fold0,0.6985,0.7197(sim),,,au제외: sim+0.002뿐, 하방리스크 커서 기각(au 유지)
submit_kl6_pm,2026-07-04,B,klue+large6+posmap,v4,320,weighted-ce,deploy,,,,,0.74000 — M3와 완전동일 = 히든테스트 posmap 커버리지 0 확정(세션 비공유, 세션당 1스텝 추정). 누출문 폐쇄, 순수 모델 싸움
teacher_largev6,2026-07-04,B,xlm-roberta-large,v6,320,weighted-ce,full5(6ep),0.7377,,,,v6+6ep 5fold [0.7391 0.7318 0.746 0.7386 0.733] 평균0.7377 = v4-4ep(0.704) +0.034! 최강 교사
probe_large8v6,2026-07-04,screen,xlm-roberta-large,v6,320,weighted-ce,fold0(8ep),0.7456,,,,8ep = 6ep fold0(0.7391) +0.0065 → 8ep 채택
probe_b384,2026-07-04,screen,xlm-roberta-base,v6,384,weighted-ce,fold0,0.7001,,,,v6@384 < @320(0.7040) -0.004(노이즈내) → max_len=320 유지 확정, 384 기각
submit_M5,2026-07-04,B,klue+largev6(8ep)+lgbstack,v4mix,320,weighted-ce,deploy,0.7354,,0.7499,0.76470,LB실측! 예측0.732~0.740 대비 +0.025 대폭상회! 8ep FULL멤버+v6large 효과 예상초과. 22위
submit_M6,2026-07-04,B,klue+largev6(8ep)+ngram+lgbstack,v4v6mix,320,weighted-ce,deploy,0.7401,,0.7582,,3멤버(n-gram직교) 0.901GB; parity+시뮬 PASS; 기대LB 0.770~0.776(컷0.772돌파권); ngram lift +0.0102
submit_M6_LB,2026-07-04,B,klue+largev6+ngram,v4v6mix,320,weighted-ce,deploy,0.7401,,0.7582,0.76639,LB실측 0.76639(23위). M5대비 +0.0017뿐(n-gram holdout+0.0083→LB+0.0017, 전이율20%). 과최적화 신호. 컷0.776까지 +0.010
submit_largeonly,2026-07-04,B,xlm-roberta-large-v6-8ep-FULL-단독+bias,v6,320,weighted-ce,deploy,,,,0.78051,대반전! large단독이 M6(0.76639)보다 +0.0141 높음=앙상블/klue/ngram이 large를 희석·훼손. 7위. 컷돌파. 스태킹 폐기 확정
probe_reranker,2026-07-04,eda,top2-gated-reranker,v6,320,,oof,0.7408,,,,base 0.7401 대비 +0.0006 보류. 강large와 collinear(멤버잉여 진단 확증). reranker/hist0/ngram 모두 저가치→large강화 유일경로
submit_largeraw,2026-07-04,B,large-v6-8ep-FULL-단독-RAW(bias없음),v6,320,weighted-ce,deploy,,,,0.77474,bias 진단: raw 0.77474 vs +bias 0.78051 → bias +0.0058 이득. bias 유지 확정(6ep OOF여도 유효)
quant_g64,2026-07-05,B,xlm-roberta-large,-,320,-,parity48,,,,,int8 group-64 양자화 661→353MB; mean|dp|=0.0005 max=0.025 argmax 47/48(경계1); 판정은 T4 holdout 델타로
oof_pretest_str2,2026-07-05,B,ens(v6-8ep+v4mix),v6+v4,320,-,pooled-oof,0.7502,,,,가중 w_v6=0.65 +bias: v6단독 0.7468 → +0.0034. MEAN은 +0.0019. klue류 희석 아님 확인
meta_probe,2026-07-05,eda,LGB(logit+meta),-,-,-,탐색4class,,,,,elapsed 신호 GO: fold델타 +0.0106(5/5 양수); elapsed단독≈META전체; 분포: list 22%→6% glob 12%→25% 단조
teacher_largev7p,2026-07-05,B,xlm-roberta-large,v7,320,weighted-ce,fold0(6ep),,,,,v7=[PACE] elapsed+pace bin 스크리닝; 기준 v6 f0=0.7391 GO문턱 0.7431
teacher_largev7p_result,2026-07-05,B,xlm-roberta-large,v7,320,weighted-ce,fold0(6ep),0.7309,,,,v7 NO-GO: v6기준 0.7391 대비 -0.0082. 메타 문 폐쇄(프로브 elapsed조건부 -0.0016과 정합)
bench_str2q8,2026-07-05,B,ens(2-large q8),v6+v4,320,-,T4실측,,,,,holdout5810 0.78395(+0.0028 vs largeonly 0.78113) BUT 719-734s>600s캡 배포불가. T4캡=앙상블 지배 제약
bench_lgb8,2026-07-05,B,ens(large-q8+basev6e5),v6,320,-,T4실측,,,,,500.6s PASS BUT holdout 0.77873(-0.0024 vs largeonly) 제출금지. OOF선판정+0.0015 반전 — 약멤버 희석법칙 재확인(8ep FULL엔 base도 유해)
lb_recal,2026-07-05,B,-,-,-,-,LB실측,,,0.78226,,lgb8 LB 0.78226(최고)! holdout게이트 누수편향 판명(large암기 과대/base 과소). str2q8 0.78189(8분07 통과—Colab측정 과대). 서버예산: large+230s base+117s
submit_tri_cond,2026-07-05,B,ens(large-v6q8+base+large-v4q8 cond),v6+v4,320,-,OOF,0.7501,,,,조건부 3-way th=0.5 w(0.6/0.15/0.25) 35%선택. full-3way OOF 0.7505. 서버추정 7분40초. 0.943GB
lb_tri_cond,2026-07-05,B,ens(tri_cond),v6+v4,320,-,LB실측,,,0.78266,,신최고! 7분07초. 예측 0.7827~0.7831 적중. 조건부 앙상블 서버검증 완료. lgb8 +0.0004
lb_cond2,2026-07-05,B,ens(2-large cond th0.5),v6+v4,320,-,LB실측,,,0.78162,,5분44초. full 2-large(0.78189) 이득의 79% 회수/32% 재추론 — 조건부 보존율 검증. tri_cond(0.78266)에 열위로 은퇴
pairwise_posthoc,2026-07-05,eda,rule(margin-switch),-,-,-,OOF-crossfit,,,,,평균 val Δ+0.00029(4/5) < 방향문턱 0.00035 → 폐기. 선택규칙은 web_search→ask_user(list 아님 — bias가 이미 흡수). 14슬롯 절약
verify_largev6s2,2026-07-05,B,xlm-roberta-large,v6,320,weighted-ce,FULL(8ep+SWA3 s2024),,,0.77600,,A6000 학습·검증. s1(0.78113) 대비 -0.0051 — seed품질 or SWA3 해악(s3가 분리실험). 서버환산 272s PASS. m1 후보 탈락(0.7815 미달)
soup12_sweep,2026-07-05,B,weight-soup(s1 x s2),v6,320,-,holdout5810,,,,,V자 붕괴: s1 0.78113 / 75:25 0.77385 / 50:50 0.76304 / 25:75 0.76957 / s2 0.77600 — 손실장벽 확정. cross-seed soup 폐기. SWA-stale 가설 부상(6→8ep 미수렴 구간 평균)
simbias_probe,2026-07-05,eda,bias sim-only 적합,-,-,-,teacher6ep프록시,,,,,sim-subset +0.00040 / 전체 -0.0007. bias류 x0.2 할인시 노이즈 — 런타임 적응형(test id prefix 감지)만 후보 유지
verify_largev6s3,2026-07-06,B,xlm-roberta-large,v6,320,weighted-ce,FULL(8ep+SWA3 s777),,,0.77436,,s1 -0.0068. SWA3 2연속 열세 — SWA-stale 가설 유력
verify_largev6sim,2026-07-06,B,xlm-roberta-large,v6,320,weighted-ce,FULL-sim(8ep+SWA3),,,0.76275,,au제외 학습. sim-subset조차 0.78271(s1 0.79831 -0.0156) — sim-only 해악(au=정규화 신호 추정)
rescore_simsubset,2026-07-06,eda,holdout sim/au 분해,-,-,-,rescore,,,,,s1 sim 0.79831/au 0.523. LB(0.78051)≈holdout전체(0.78113 -0.0006)이고 holdout-sim과 +0.018 괴리 → 히든테스트=train혼합(sim+au) 증거. all-sim 가설 기각 방향
verify_largev6simraw,2026-07-06,B,xlm-roberta-large,v6,320,weighted-ce,FULL-sim(8ep raw noSWA),,,0.76851,,같은런 SWA만 제거: +0.0058 회복 — SWA 해악 확증(-0.006). 단 sim-only 자체는 s1 대비 여전히 -0.0126 → sim-only 축 사망
gen_token_bug,2026-07-06,B,[GEN]=id-prefix 파생 발견,v4+,-,-,분석,,,,,구하네스(ho::id) au행 [GEN]sim 오서빙→au 0.523(정상 0.945·기억포함). LB 0.78051≈구하네스 = 히든id 무표식(A) or all-sim(B) or 표식혼합(C). 신하네스 holdout 0.80871(기억+정GEN 팽창 — 절대치 주의)
dual_lambda_sweep,2026-07-06,eda,듀얼bias λ스윕(배포모델),v6,320,-,holdout5810,,,,,정GEN(clean id) 조건에선 λ무관 평평(au 이미 0.945) — 듀얼 이득은 GEN깨진 세계에서만. World C면 LB +0.002 기대 유지
au_detector,2026-07-06,eda,LGB 콘텐츠 au감지기,-,-,-,GroupKF5,,,,,행AUC 0.974: th0.95 P0.978/R0.232, th0.99 P0.998/R0.095. 세션AUC 0.982(히든은 1행/세션이라 무용). World A시 [GEN]복원 무기
probe_pkgs,2026-07-06,B,상수클래스 프로브 2종,-,-,-,조립,,,,,packages/probe_read_file.zip·probe_glob_pattern.zip (1KB, 스모크 PASS). read_file: allsim 3678 vs 93/7혼합 3960 (차282) — au비율 f 직접 역산
verify_largev6dist3,2026-07-06,B,large 3way증류(hard.7/soft.3/T2)+SWA3,v6,320,kd,FULL(8ep),,,0.79750,,신하네스. 앵커(s1 0.80873) -0.0112 — 단 SWA변종. ⚠판정함정: 증류=soft타깃이라 암기팽창 옅음 → holdout 비교가 dist에 구조적 불리(정직성능 동일해도 낮게 측정)
verify_largev6dist3raw,2026-07-06,B,large 3way증류 raw(noSWA),v6,320,kd,FULL(8ep),,,0.80163,,신하네스 앵커 -0.0071 문턱미달(기각권). 클린 서버환산 259s. 암기핸디캡 캐비앳 있으나 갭 큼. World A면 no-GEN 재학습이 우선이라 dist는 보류
verify_largeonly_anon,2026-07-06,B,largeonly@익명id 하네스,v6,320,-,holdout5810,,,0.78113,,구하네스와 완전일치 — anon모드=히든서빙 재현 검증. World-A 예측기: anon점수-0.0006≈LB. v6n 판정자
verify_largev6n,2026-07-06,B,large v6n(no-GEN)+SWA3,v6n,320,weighted-ce,FULL(8ep),,,0.79461,,클린하네스(=anon, id무관). s1 0.80873 대비 -0.014이나 au암기키 상실 교란 — 정직비용은 fold0 프로브로
verify_largev6nraw,2026-07-06,B,large v6n raw(noSWA no-GEN),v6n,320,weighted-ce,FULL(8ep),,,0.80224,,분해: sim 0.80155(s1 +0.0032 승!)/au 0.74314(부분암기). 서버환산 354s PASS. World A/B 우세·C 동급 후보 — fold0 정직치 대기
dist_final,2026-07-06,B,dist3raw 분해,v6,320,kd,rescore,,,,,sim 0.79066(s1 -0.008 열세)/au 0.94216(암기) — dist 전체점수는 au암기 착시. 기각 확정
v6n_fold0_honest,2026-07-06,B,v6n fold0 6ep 정직프로브,v6n,320,weighted-ce,fold0,0.7327,,,,정직비교: v6n sim 0.7427 ≈ v6 sim 0.7437(-0.001 동률!) / au 0.60≈v6 0.6047(내용으로 회복). FULL holdout +0.0032 sim은 암기착시였으나 sim 무손실 확인 → World A서 au회복 순이득. 제출후보 확정
lb_v6nraw,2026-07-06,B,large v6n raw 배포,v6n,320,weighted-ce,LB실측,,,,0.73371,폭락-0.047! World A/B 동시기각→World C확정([GEN]필수·테스트 id 표식有). fold0 0.7327≈LB 0.7337 정합. GEN은 v6 FULL부스트(+0.041)의 열쇠. no-GEN 영구폐기
verify_tri_cond_dual,2026-07-06,B,tri_cond+듀얼bias(λ1.0),v6+v4,320,-,오프라인,,,0.80329,,조립PASS·VRAM10.9G. 시간 548s는 largeonly비율(2.62) 오탐 — 원본tri_cond 실서버 427s(7:07)=동일컴퓨트라 안전. 듀얼=argmax전 numpy. holdout 암기로 듀얼이득 미표시(LB로 측정). tri_cond_dual−0.78266=순수듀얼효과
lb_largeonly_dual,2026-07-06,B,largeonly+듀얼bias,v6,320,-,LB실측,,,,0.78038,largeonly 0.78051 대비 -0.00013(평탄). 라우팅은 발동(≠0.78051)=World C 직접확증. 듀얼 무이득
lb_tri_cond_dual,2026-07-06,B,tri_cond+듀얼bias λ1.0,v6+v4,320,-,LB실측,,,,0.78179,tri_cond 0.78266 대비 -0.00087 악화! 듀얼bias LB 반증(프록시 +0.002 미전이·오히려 음수). au OOF 4622행 과적합 확정. 듀얼/detector 라우팅 폐기
v8_fold0,2026-07-06,B,large v8([GEN]꼬리재배치),v8,320,weighted-ce,fold0(6ep),0.7529,,,,돌파! v6 fold0 0.7391 대비 +0.0138(게이트 +0.003의 4.6배). 정직프로브. [GEN] 좌측절단소실(긴세션 10.8%) 복원이 진짜병목. sim 0.7453. codex R18 H2 1위와 정합
bayes_floor_dx,2026-07-06,eda,탐색4클래스 Bayes바닥,-,-,-,진단,,,,,모델오류 0.4529 vs key오류(prompt+act+status) 0.0052 — BUT 99% 유니크키=암기착시(일반화바닥 아님). prompt-only 0.0399도 94%유니크. 바닥 추정 불가. 단 v8 +0.0138이 회복가능신호 존재를 직접증명(절단버그)
v8_5fold,2026-07-07,B,large v8 5fold 교사,v8,320,weighted-ce,full5(6ep),0.7519,,,,전폴드 재현! [0.7529 0.7476 0.7552 0.7462 0.7574] 평균 0.7519 vs v6 0.7377 = +0.0142(전폴드 양수). 절단버그 복원 확정. fold평균 최강교사
verify_largev8,2026-07-07,B,large v8 FULL-8ep largeonly+bias,v8,320,weighted-ce,오프라인,,,0.81043,,신하네스 holdout(암기). v6 largeonly 0.80873 대비 +0.0017(암기로 이득 마스킹). 서버환산 262s PASS VRAM PASS. LB예측: fold평균+0.0142 → v6 largeonly 0.78051 대비 +0.005~0.014 상방(FULL부스트 전이시 ~0.79). submit_largev8.zip 제출대기
lb_largev8,2026-07-07,B,large v8 FULL-8ep largeonly+bias,v8,320,weighted-ce,LB실측,,,,0.77819,반전! v6 largeonly 0.78051 대비 -0.0023, 은행 0.78266 대비 -0.0045. fold OOF +0.0142 전폴드였으나 LB 역전. FULL부스트 v6 +0.0428 vs v8 +0.0263(재배치가 부스트 깎음)
v8_strat_dx,2026-07-07,eda,v8이득 히스토리층화,-,-,-,진단,,,,,절단가설 기각! v8 이득 전구간 균일(+0.013~0.018) hist=0(절단0%)이 최대 +0.0178. 이득원=재배치([CUR]인접 메타) not 절단복원. train-holdout만 통하고 히든테스트 미전이=4번째 OOF→LB 반전. 오프라인메트릭 ±0.01 스케일 LB예측 불가 확정
v9_fold_partial,2026-07-07,B,large v9(rich경로+result+elapsed),v9,320,weighted-ce,fold0-3(6ep),,,,,4/4폴드 전부 음수! [0.7365,0.7203,0.7291,0.7264] vs v6[0.7391,0.7318,0.746,0.7386] 평균Δ-0.0108. 원인규명: 토큰길이 v6평균251→v9평균281(+30), 320초과비율 28%→52%. canonical경로태그 오버헤드가 history절단 악화 = 신호추가가 다른신호파괴. 사용자지시로 실패해도 LB제출(진단목적)
lb_largev9,2026-07-07,B,large v9 rich직렬화 FULL,v9,320,weighted-ce,LB실측,,,,0.76903,실패확정. v6 largeonly 0.78051 대비 -0.0115. 원인=경로태그 토큰오버헤드로 절단 28→52% 악화(신호추가가 history파괴). fold(-0.0091)·holdout(-0.0031)·LB(-0.0115) 전부 음수 일치=rich계열은 OOF방향 신뢰가능. rich아이디어 옳으나 예산초과 구현실패
teammate_best,2026-07-07,조원,cc_tri_v4new,v4new,-,-,LB실측,,,,0.78449,★팀최고! 조원(별도 Claude, mun-train/GPU1) 트랙. 우리 tri_cond 0.78266 +0.0018, 5위컷 0.78429 돌파. 조원 계열: cc_tri_s777 0.78364/cc_2seed 0.78214/cc_8ep_swa2_s777 0.78238/cc_8ep_swa2 0.77857/cc_soup2 0.76144. 'v4new'+'tri'+seed가 승인. 레시피 미상(조율필요). 제출쿼터 공유추정
team_coord,2026-07-07,조원dev,tri_v4new 레시피 파악,-,-,-,조율,,,,0.78449,조원 dev/cx브랜치 확인: tri_v4new=tri_cond m3(저마진25%)를 v4-s777로 교체(다양성법칙: 단독0.7678 약하나 탈상관오류로 m3기여+0.00085). 현14위 컷(top12)밖. 조원커버=시드/base-m2/mdeberta. reranker·soup폐쇄. 내 직교축=retrieval/rich-done-right
R22_codex,2026-07-07,jeong,직교축 확정,-,-,-,전략,,,,,codex R22: X1 retrieval/near-dup prior=1순위(최대직교·EV, 0.79까지 +0.0055 비선형점프 후보) > X2 rich-v9b(384) > X4 문제재정의 > X3 다양성멤버. 내역할=조원 tri위 조건부 correction layer. 팀0.79+ 확률: 진단전 15~20%/고유사도purity확인후 30~40%. retrieval설계: large-v6 frozen임베딩(CLS+mean) + state-view쿼리 + top32 NN + purity게이트 + logit prior(λ0.25~0.7). 판정=LGO진단→adversarial split→LB canary 생사판정
retrieval_diag,2026-07-07,jeong,near-dup prior 진단v2,-,-,-,holdout게이트,,,,,GO! 순환성검사 통과: 모델오답 1496행중 KNN 진짜라벨 27.2%회복(랜덤7%)=직교신호 실재. 저마진 KNN 0.524>모델 0.436. 블렌드(λ0.5 margin<0.5 purity≥0.6 게이트18%) holdout +0.0233. 임베딩 이방성 중심화로 해결(랜덤쌍 0.783→0.009). 홀드아웃=세션비공유 교차검증이라 부분적 전이근거. 히든전이는 LB canary로 확정
retr_v6_pkg,2026-07-07,jeong,largeonly-v6+retrieval prior 배포,v6,320,-,오프라인,,,,,794MB. 30k 크래시/OOM無, VRAM~11.5GB안전(피크39.5는 v9@384 28GB동시), 시간 단독~270s. 보수설정 λ0.3 margin<0.3 purity≥0.7 sim_th0.89 OOD guard. holdout 0.81217=self-retrieval오염(무의미). LB canary가 진짜 판정 — largeonly 0.78051 대비 retrieval 순효과, 기대 +0.006~0.015
lb_retr_v6,2026-07-07,jeong,largeonly-v6+retrieval prior(보수),v6,320,-,LB실측,,,,0.78096,retrieval 히든 전이 양성! largeonly 0.78051 +0.00045. 음수아님=OOD guard+보수게이트가 하방차단. 단 전이율~6%(holdout +0.0233→LB +0.00045). 히든이 train보다 덜유사(다른세션). 신호실재·약전이. mid설정/best base 이식으로 증폭 여지
R24_codex,2026-07-07,jeong,증강·구조 방향,-,-,-,전략,,,,,codex R24: retrieval mid canary 1발 승인(aggressive금지), tri엔 retrieval로짓 4번째신호. +0.018 정체=구조>backbone>착시(holdout이 히든 미대표 확증). ★내 GPU 1순위=history-dropout robust FT(히든 history분포차 직격, hist=0오류43.9% 타격). 증강설계=drop전체20%/최근1-2 30%/랜덤prefix30%/원본20%, field dropout, gate=short-history slice개선. 사용자 증강제안 유효(정규화형)
v9_384_fold0,2026-07-07,jeong,rich v9@max384,v9,384,weighted-ce,fold0(6ep),0.7317,,,,rich 예산가설 완전기각! v6 0.7391 -0.0074, v9@320(0.7365)보다도 -0.0048 나쁨. 384로 절단완화해도 회복 실패 = rich경로신호가 large에 무용(v6서 이미 추출). codex R21 rich 35%가설 large엔 사망. 남은축=구조·증강·retrieval
histdrop_full,2026-07-07,jeong,large v6 history-dropout 증강 FULL,v6,320,weighted-ce,오프라인,,,0.82365,,holdout +0.0149 BUT 오염(증강이 홀드아웃 truncated복사 학습→누출). 슬라이스: long≥5 0.8222(retr 0.7973 +0.025)/short≤2 0.6818(목표인데 개선無). robustness아닌 암기인플레 의심. clean fold0로 재검증 + LB canary 필요
lb_histdrop,2026-07-08,jeong,history-dropout 증강 FULL,v6,320,-,LB실측,,,,0.76974,대폭락 -0.0108(largeonly 0.78051)! holdout +0.0149 완전반전=오염 확증(홀드아웃 truncated복사 누출). 증강이 일반화 해침(truncated-라벨 노이즈). histdrop 사망. clean프로브 회수
lb_retr_mid,2026-07-08,jeong,largeonly+retrieval mid(게이트18%),v6,320,-,LB실측,,,,0.78012,-0.00039. 게이트 넓히니 후퇴(codex경고 적중). 보수 retr(0.78096 +0.00045)이 retrieval 최선 확정. aggressive 금지
R26_codex,2026-07-08,jeong,완전dossier 검증,-,-,-,전략,,,,,codex R26: 히든OOD 확정(홀드아웃 near-dup +0.023 vs 히든 +0.0005=46배). 세션내부구조(a) <5%(세션비공유). 유일 GPU실험=session-balanced FT(1/session_len 가중, +0.000~0.006 top12용). 우선순위 tri앵커고정>retrieval→tri 보수이식(+0.0002~0.0008)>session-balanced 1회. 0.80 clean모델링 1~2%
gpu_incident,2026-07-08,-,NVML Unknown Error 호스트전체,-,-,-,운영,,,,,GPU0/GPU1 4컨테이너 전부 NVML실패. /dev/nvidia0·드라이버580 정상, NVML만 깨짐=nvidia-container-toolkit cgroup 버그(호스트 systemd이벤트, pkill무관). 복구=host docker restart(데이터안전). GPU작업 대기, CPU작업(LB프로빙/분석) 지속
sessbal_impl,2026-07-08,jeong,AD_SESSION_BALANCED 구현,v6,320,weighted-ce,teacher/full CLI,,,,,teacher_cli: weight/sample + AD_INIT_FROM + foldckpt 저장 + stress eval. train_full_cli에도 AD_SESSION_BALANCED/AD_INIT_FROM 이식(게이트 통과시 FULL FT 가능). sim/eval_stress.py 신규
sessbal_weight_f0,2026-07-08,jeong,xlm-r-large v6 session-balanced weight FT,v6,320,weighted-ce,fold0 FT from ckpt,0.7528,0.7443,,,baseline foldckpt 0.7485/0.7424 대비 overall +0.0042 sim +0.0019. stress: nnQ1 0.6155→0.6149(-0.0007) FAIL, sess1-2 0.6314→0.6792(+0.0478), hist0 +0.0124, agree 0.9649. R26 게이트 일부통과지만 low-NN 하락이라 FULL/LB 보류
sessbal_sample_f0,2026-07-08,jeong,xlm-r-large v6 session-balanced sample FT,v6,320,weighted-ce,fold0 FT from ckpt,0.7508,0.7421,,,epoch당 세션당 1step. baseline 대비 overall +0.0024 sim -0.0001. stress: nnQ1 0.6155→0.6108(-0.0048) FAIL, sess1-2 +0.0502, hist0 +0.0219, agree 0.9701(게이트 경계초과). FULL/LB 보류
probe_skip,2026-07-08,jeong,LB prior probe 미제출,-,-,-,전략,,,,,사용자 결정: 제출 횟수 부족 우려로 packages/probe_*.zip 14개는 제출하지 않음. label-shift/prior 축 보류. 제출 슬롯은 tri_v4new anchor 방어와 retrieval→tri 1발에 보존
retrieval_tri_impl,2026-07-08,jeong,앙상블 retrieval post-adjust 지원,v6+v4,320,-,패키징,,,,,common/ad_lib.py: ensemble/conditional scores 위에 retrieval adjust 적용 가능. sim/package_ensemble.py: --retrieval/--retrieval_cfg/--retrieval_emb_member 추가. tri_v4new 자산 수령 후 용량(1GB+retr pack 137MB)·시간 게이트 먼저 확인
compact_retrieval_p384,2026-07-08,jeong,compact retrieval pack p384,v6,320,-,pack,,,,,work/emb_v6_70k.npy를 centered-normalized→Gaussian projection 384d→fp16 저장. pack 54.7MB, train top1 agreement 0.725(full_med0.9378 compact_med0.9412). tri_cond 1GB 안에 retrieval 삽입 가능해짐
submit_tri_cond_retr_p384,2026-07-08,jeong,tri_cond+compact retrieval conservative,v6+v4,320,-,오프라인,,,0.80984,,자체 후보(조원무관). zip 0.993GB check_zip PASS. A6000 216s vs tri_rebuild 212s(+4s), VRAM 10964MB PASS. retrieval gate 2.62%, changed 147/30000(0.49%), holdout +0.00282는 self-retrieval 오염으로 참고만. LB 1발 후보: tri_cond 0.78266 위 보수 prior, 기대 +0~+0.0005
submit_tri_cond_retr_p256,2026-07-08,jeong,tri_cond+compact retrieval p256 fallback,v6+v4,320,-,오프라인,,,0.80926,,zip 0.976GB check_zip PASS. pack 36.5MB top1 agreement0.658. A6000 211s, VRAM10964, gate2.72%, changed172/30000(0.57%), holdout net +16 vs p384 net +20. 용량안전 fallback이나 1순위는 p384
lb_tri_cond_retr_p384,2026-07-08,jeong,tri_cond+compact retrieval p384,v6+v4,320,-,LB실측,,,,0.78261,tri_cond 0.78266 대비 -0.00005 평탄. retrieval prior가 tri 위에서 이득 소멸(codex R25 하단 적중). 6분54초. gate 0.49%로 하방도 상방도 없음 — retrieval→tri축 실측 종결. largeonly+retr 0.78096이 여전히 retrieval 유일 양성
labelshift_em_large_sim,2026-07-08,jeong,largev6 Saerens EM label-shift,v6,320,-,holdout prior-shift sim,,,0.7504,,Claude R29 seed 검증. largeonly에서는 em0.5+bias가 identity -0.0003로 거의 중립이나 dir30/dir10 shift에서 +0.005~0.020. 단독 제출감은 약하고 tri_cond에서 재검증 필요
labelshift_em_tri_sim,2026-07-08,jeong,tri_cond Saerens EM label-shift,v6+v4,320,-,tri package holdout sim,,,0.8091,,tri_cond 실제 패키지로 holdout 5810 확률 재추론. bias 0.8070 대비 em0.5+bias 0.8084(+0.0014) em0.75+bias 0.8091(+0.0020). prior-shift resample 전반 양수; em1.0은 일부 붕괴라 금지
submit_tri_cond_em05,2026-07-08,jeong,tri_cond+transductive EM shrink0.5,v6+v4,320,-,오프라인30k,,,0.80768,,zip 0.943GB check_zip PASS. A6000 209s VRAM10868. labelshift_em n=30000 pi_l1=0.064 changed(prebias)1.27%; final changed vs rebuild 258/30000(0.86%) holdout 47(0.81%) fixes21 breaks18 net+3. 후보성 있음
submit_tri_cond_em075,2026-07-08,jeong,tri_cond+transductive EM shrink0.75,v6+v4,320,-,오프라인30k,,,0.80907,,zip 0.943GB check_zip PASS. A6000 210s VRAM10868. labelshift_em n=30000 pi_l1=0.064 changed(prebias)1.76%; final changed 373/30000(1.24%) holdout 67(1.15%) fixes31 breaks24 net+7. R29 1순위 자체 LB 후보; probe 미사용
testtest_cluster_sim,2026-07-08,jeong,test-test 클러스터 일관성 홀드아웃 시뮬,v6,320,-,오프라인,,,,,R29 Q4 1순위 검증. 홀드아웃 내부 cross-session near-dup: sim≥0.95에서 25% 커버·이웃 라벨일치 69%·모델예측일치 96.4%(이미 자기일관). 스무딩 이득 최대 +0.0015(th0.95 λ0.5) — 기대 +0.005~0.015의 1/10. 라벨일치 70% 천장=template 내 행동 다양성이 aleatoric. 대형후보 강등
probe_3shot,2026-07-08,jeong,상수클래스 프로브 3발(read/glob/list),-,-,-,LB실측,,,,,read 0.0174632→13.93%(+0.70pp) glob 0.0090039→6.73%(-0.82pp) list 0.0085129→6.34%(+0.15pp). λ_au=0.130(잔차 0.36pp 적합양호·train 0.072의 2배 au기움) 단 per-class λ 스프레드 0.169=약한신호. 히든 prior≈train 확정
damped_bias_sim,2026-07-08,jeong,measured-only damped bias 홀드아웃 검증,-,-,-,오프라인,,,,,정답 앵커로도 -0.0003~-0.0009 음수. 원인: coord-ascent bias는 이미 F1최적이라 저정밀 클래스(list π̂9.28% vs 진실6.49%)를 의도적 과다예측 — 카운트매칭은 F1최적을 되돌림. em075 음수 근본원인. prior축 3중증거 종결
au_reweight_bias,2026-07-08,jeong,au-가중(λ0.13) OOF bias 재적합,-,-,-,오프라인,,,,,holdout λ0.13 모사 +0.0007±0.0016 노이즈지배. 단독제출 부적격·차기 패키지 동봉 후보
submit_tri_sb,2026-07-08,jeong,m1+sbwt조건부(저마진26%) w0.55/0.45,v6,320,-,오프라인30k,,,0.81261,,sb=session-balanced weight FT(largefullv6서 lr5e-6 2ep). zip 675MB check PASS. A6000 138s→환산362s PASS VRAM 10888. holdout 시뮬 +0.00628 vs tri_cond(오염 상방편향 주의·클린 fold0 +0.0042 방증). codex R31 GO. 예상 LB 0.7843~0.7852
submit_sb_tri,2026-07-08,jeong,sbwt+m2+m3(m1제거) w0.55/0.15/0.3,v6+v4,320,-,오프라인,,,0.81475,,시뮬 +0.00782(sb가 m1 상위호환 시사). zip 899MB check PASS·tri bias. 내일 1착 후보(오늘 tri_sb 결과 따라)
lb_tri_sb,2026-07-08,jeong,m1+sbwt조건부 w0.55/0.45,v6,320,-,LB실측,,,,0.78098,사전등록 최악밴드 적중(-0.00168 vs tri_cond). sb 진짜기여 = largeonly+0.00047뿐(m1과 히든서 중복). holdout +0.00628=오염. nnQ1 슬라이스 방어논리 무력 — FULL모델 holdout 평가 3번째 반전(histdrop·em075·tri_sb). sb축 감량: 내일 ≤1발 진단만
spec4_f0,2026-07-08,jeong,E-클러스터 4way specialist fold0 클린 프로브,v6,320,-,fold0,,,,,NO-GO. 표적셋(base pred∈E margin<0.1) spec 0.360 vs base 0.375(-0.015·GO문턱 +0.05). val∩E 4way 0.596은 준수하나 저마진행은 aleatoric 모호성이 지배 — base 용량문제 아님. R7 specialist잉여 판정 full-FT급 재확증. 제출 0발로 축 폐쇄(클린 프로브 방법론 입증)
mdeb_f0,2026-07-08,jeong,mdeberta-v3-base fold0 클린 프로브,v6,320,-,fold0,,,,,0.6853(-0.063 vs large). ρ_low=0.934(≥0.90 은행금지). 클린 5%혼합 +0.0004이나 3멤버 시뮬서 base-e5(+0.0018)보다 열세(+0.0006) — 이종백본 축 제출 0발로 종결. 부수확: 작동쌍 v6↔v4 ρ_low=0.959 실측 → "이득=탈상관 아닌 강도동급" 확정, ρ게이트 체계 재조정 필요
s5_patch_sweep,2026-07-09,jeong,S5 패치 후보 4종 OOF 측정(measure_patch),-,-,-,오프라인,,,,,전부 공간없음: soft-transition 게이트 1~4행 / 금지문구 3행 / dup-failed 음수(hit6 harm13 — 재시도가 정답인 경우 우세) / precondition 3행. 모델이 텍스트 유도가능 규칙 전부 흡수(M4 확장). retr_v6가 유일 S5였던 이유=모델 비접근 정보(near-dup 조회). S5 누적 +0.001~3 기대 기각
mdebfull_repro,2026-07-09,jeong,자체 mdeberta 12ep+FGM FULL(조원 레시피 재현),v6,320,-,FULL,,,,,멤버 283MB(조원 동일). 기준본 jtri_mdeb holdout 0.80856(+0.00154 vs tri_cond재현) 환산411s PASS — 재현 성공
jtri_mdeb_variants,2026-07-09,jeong,변형 4종 동일멤버 델타 검증,v6+v4,320,-,오프라인30k,,,,,aubias 0.81142(+0.00286 — 암기상쇄 순수 bias델타·프로브 λ_au 근거) / w20 +0.00015 폐기 / th45 -0.00013·th40 -0.00022 폐기. 전 변형 시간 398~414s PASS
lb_jtri_mdeb_aubias,2026-07-09,jeong,자체mdeb tri + au가중 bias,v6+v4,320,-,LB실측,,,,0.78221,사전등록 최하단 미달(기대중앙 0.78694·하단 0.78579). 조원 tri_mdeb -0.0030·tri_cond보다도 낮음. 동일멤버 holdout 델타 +0.00286의 반전 — bias-only 변경도 반전된 첫 사례. 원인 미분리(재현품질 vs aubias반전) → 기준본 진단 발사
lb_jtri_mdeb,2026-07-09,jeong,자체mdeb tri 기준본(tri bias),v6+v4,320,-,LB실측,,,,0.78283,재앵커 밴드[0.7827~0.7842] 적중(레드팀 앵커분석 입증). 분해확정: 계보격차 -0.0024(우리 0.78283 vs 조원 0.78522) + mdeb스왑 우리계보 효과 +0.00017(전이 11%) + aubias 순효과 -0.00062(축 영구폐쇄). 우리계보 변형=은행기여 수학적 사망 → 사전등록대로 슬롯 재배분(조원 사전검증 인프라+동결설계)
int4_parity,2026-07-09,jeong,int4 parity 게이트(fp16 vs q4 holdout 3000),-,-,-,오프라인,,,,,FAIL 확정: mdeb argmax 95.07%·저마진flip 33%·ΔF1 -0.0085 / m1 92.60%·35%·-0.0240. naive RTN int4의 전형적 손상 — 조원 R67 문헌 기각(저마진 뒤집힘)이 실측으로 입증. int4 폐기 → int8+소형ko 프론티어 전환
klue_diversity,2026-07-09,jeong,klue fold0 OOF 잔차상관+캐스케이드 시뮬,v6,320,-,fold0클린,,,,,ρ_low(v6↔klue)=0.922 측정사상 최저(강도동급 0.7446) — ko백본=진짜 다양성 실증. 캐스케이드: B(v6+klue+mdeb+v4) +0.0044 클린최대 but int8 1221MB 초과 / C(v6+klue+mdeb) +0.0013(mdeb 6ep 저평가) 868MB 성립. int8 프론티어 = C(+koelectra 4멤버 983MB)
mdeb_int8_parity,2026-07-09,jeong,mdeb int8 parity,-,-,-,오프라인,,,,,ΔF1 -0.00017 무손상(production q8 기준 통과). argmax 99.1% 저마진flip 6.95%는 형식게이트 미달 — 게이트 재캘리브레이션 필요(R10 채택기준=F1 무손상)
largev6_12ep_f0,2026-07-09,jeong,v6-large 12ep noFGM fold0 수렴 프로브,v6,320,-,fold0,,,,,best-epoch 0.7541(ep11 피크·ep12 0.7509) — 6ep 기준 0.7485 대비 +0.0056 Green PASS(게이트 0.7525). xlm-large도 8ep 미수렴 실증(mdeb 동형). C1(m1 교체) 개방 — FULL은 조기피크 규율로 11ep 사전등록
lb_c0_klue,2026-07-09,jeong,C0(조원m1+조원mdeb+우리klue int8) cond[1,2],v6,320,-,LB실측,,,,0.78567,계정 신기록(+0.00013 vs cc_tri_w2 0.78554). klue 스왑 순기여 +0.00045(vs tri_mdeb 앵커) 전이율 ~13%(사전등록 밴드 하단). 380s. 3자검증 체계(조기피크 방어·은행가중·구bias) 첫 실전 성공
kfdeb_verdict,2026-07-09,jeong,kf-deberta 4멤버 게이트 판정(조원 fold0 활용),v6,320,-,fold0클린,,,,,이중 사망: 단독 0.7299(게이트 0.740 미달) + ρ_low(v6↔kfdeb) 0.954(다양성 없음) + 4멤버 클린 델타 -0.0006. YNAT 87.51 미전이. klue ρ0.922가 예외였음 — 4멤버 축 폐쇄, GPU는 OOF 농사(S1 재적합)로 전환
c1_parity_q8,2026-07-09,jeong,v6-11ep FULL int8 parity(fp16 vs q8),v6,320,-,holdout,,,,,"N=5000 전 게이트 PASS: argmax 99.62%·저마진 flip 2.90%(≤3)·ΔF1 +0.00059·14/14. N=2000 flip 3.37%는 노이즈(1건차) 재측정으로 해소. 353MB(조원 m1 동일). C1 조립 0.921GB check PASS"
lb_c1_11ep,2026-07-09,jeong,C1(우리 v6-11ep FULL로 m1 교체) cond[1,2],v6,320,-,LB실측,,,,0.77751,"사전등록 하한(0.78567) 대폭 미달 -0.0082 → m1 교체 폐기·C0 앵커 확정. 381s(시간 정상). 가설: FULL 최종에폭 저장 + 스케줄 끝점 추정 오류 — fold0 '12ep 스케줄의 ep11 피크'를 '11ep 스케줄 최종'으로 등치한 것은 측정이 아닌 추정(M6 계열). m1은 w0.6 전행 통과 + 마진 게이팅 원천이라 이중 손상 경로"
lb_c0_wk30,2026-07-09,jeong,C0 좌표프로브 A: klue가중 0.25→0.30,v6,320,-,LB실측,,,,0.78556,"C0 대비 -0.00011 평평(문턱 미달) → klue w≈0.25 국소최적 확정. 379s. 재적합 그리드에 'klue 방향 기울기 음' 입력"
lb_c0_th55,2026-07-09,jeong,C0 좌표프로브 B: margin_th 0.5→0.55,v6,320,-,LB실측,,,,0.78581,"C0 대비 +0.00015 평평-양(문턱 미달, 채택 아님) — 단 계정 최고점 갱신. 391s. 커버리지 확대 방향 기울기 약양성 → 재적합 그리드 th축 상향 탐색 지지. D-1 이중은행의 max-public 후보"
wm20_cancel,2026-07-09,jeong,wm20(mdeb 0.15→0.20) 발사 취소 — R47 3자검증,v6,320,-,검증,,,,,"레드팀 원자료 확인: 조원 'w2'=가중세트v2(0.55/0.30/0.15+th0.4 3노브)이지 w_mdeb=0.20 아님 — 발사근거 오기. 좌표 자체도 R42 클린 -0.0013 기각본과 동일. 제출 0발로 음수기대 차단. flat-2 정지규칙 채택·오늘 좌표탐색 종료"
ghost_w2_correction,2026-07-09,jeong,유령 기록 정정(운영자 확인),-,-,-,정정,,,,,"cc_tri_w2 0.78554는 제출된 적 없음(조원 기록·LB 궤적·운영자 3중 확인) — lb_c0_klue의 '+0.00013 vs w2'는 허위, 실제 C0 순증 = +0.00045 vs tri_mdeb 0.78522. 유령의 기원 미상(큐 프록시 기대치와 혼동 추정) — 타 계정 LB 인용 시 운영자 제출내역 대조 의무화"
lb_c0_wd30_prereg,2026-07-09,jeong,c0_wd30 발사(가중 0.55/0.30/0.15 net perturbation),v6,320,-,사전등록,,,,,"3자 완서명. 앵커 C0 0.78567. 중앙 +0.0004 밴드 [-0.0003,+0.0010] 채택 ≥0.78617. 근거: mdeb-12ep OOF 재시뮬 wD축 +0.0021 플래토 + D12 하네스 LB부호 2/2 캘리브레이션(전이 0.25~0.40). 분기: ≥문턱 은행갱신·D-4 그리드중심 wD0.30 / 0~문턱 max-public / <0 mdeb-up축 폐쇄"
lb_c0_wd30,2026-07-09,jeong,wd30(0.55/0.30/0.15 th0.5) LB 판독,v6,320,-,LB실측,,,,0.78621,"C0 +0.00054 — 채택문턱(≥0.78617) 통과, 신은행·계정 신기록. 382s. D12 하네스 예측 LB +0.0005~0.0008 밴드 내 적중(부호 3/3: wk30·th55·wd30) — 실현 전이율 0.26(클린 +0.00208 대비). 사전등록 분기: D-4 재적합 그리드 중심 = wD0.30 좌표"
lb_cw45_prereg,2026-07-10,jeong,cw45(0.45/0.35/0.20 th0.6) 사전등록,v6,320,-,사전등록,,,,,"3자 완서명(R49b). 앵커 wd30 0.78621. D12 조인트그리드 교차half 유일 안정점 확인런 — 클린 +0.00216 × 전이 0.26 → 중앙 +0.0006 밴드 [-0.0002,+0.0010] 채택 ≥0.78671. 단발·추격금지·D-4 확장근거 사용금지. 시간 ~410s"
lb_cw45,2026-07-10,jeong,cw45(0.45/0.35/0.20 th0.6) LB 판독,v6,320,-,LB실측,,,,0.78655,"wd30 +0.00034 — 밴드내 양수·채택문턱(+0.0005) 미달 → 앵커 wd30 유지, max-public 신기록(계정최고). 392s. 실현 전이율 0.157(prior 0.25~0.40 하단 이탈) — 하네스 부호 4/4 유지, 크기 전이는 대형 이동에서 감쇠 신호 → D-4 기대 하향 재산정 R50 회부"
klue_f14_farm,2026-07-10,jeong,klue folds1-4 OOF 농사(7ep b32 FGM s1234) 완주,v6,320,-,folds1-4,,,0.7270,,"fold_scores [0.7245/0.7284/0.7322/0.7227] covered-OOF 0.7270, 602분. 전 폴드가 조원 f0(0.7446) 하회 — R51 판정(폴드 난이도+런 분산) 정합. klue 5폴드 OOF 완성(f0 조원+f1-4 우리) — D-4 재적합 재료 1/2"
lb_bplan,2026-07-10,jeong,b_plan(plan_task bias -0.10) LB 판독,v6,320,-,LB실측,,,,0.78658,"cw45 +0.00003 flat(채택선 +0.00015 미달) — 서류상 max-public 신기록. t_bias ≈0.04 실측(클린 +0.00083 대비, 단 플립 ~30행이라 약한 제약) → bias 직접탐색 분기 하향·조건부 lint/glob 미발동·D-4 bias층 기대 하향. 403s. 다음: tt30(4순위, 기서명)"
lb_tt30,2026-07-10,jeong,tt30(margin<0.3 2단 가중) LB 판독,v6,320,-,LB실측,,,,0.78603,"b_plan 앵커 -0.00055 강한 음수 — 2단 구조 축 폐쇄. 클린 +0.00091의 부호 반전 = 하네스 검증 계열(순수 w/th/bias 섭동) 밖 신규 구조였다는 실증. stage 가중 fold0 단일선택 노이즈(엔지니어 리스크4 적중). 406s"
ghost_w2_recorrection,2026-07-10,jeong,유령 재정정의 정정(제출이력 실물),-,-,-,정정,,,,,"30098 submit_cc_tri_w2.zip 2026-07-09 17:21 LB 0.7855438374 실존 — R48b '유령' 판정이 오기(조원 기록·운영자 기억이 stale). 원 L361 기록의 점수는 옳았음. 하류 결정 영향 없음(wd30 방향일치 주장은 오히려 강화). 교훈: 제출이력 원본이 유일 진실"
lb_th75,2026-07-10,jeong,th75(0.45/0.40/0.15 th0.75) LB 판독,v6,320,-,LB실측,,,,0.78671,"b_plan +0.00013(판독표 flat 상단 경계) — max-public 4연속 갱신. 교차폴드 3/3 게이트 첫 실전 적용 성공(부호 적중). 446s. D-4 그리드 th 상한(0.6) 재고 정보: th 0.75까지 완만 양성 — 재적합 그리드에 th 0.65~0.8 후보 추가 검토"
genrescue_ab,2026-07-10,jeong,GEN-rescue A/B(fold0 old vs patched),v6,320,-,클린A/B,,,,,"전 게이트 PASS: sim GEN삭제 +0.0154(0.749→0.765)·au +0.383(0.489→0.872 완전복귀)·대조군 정확히 0·멤버 ΔF1 +0.00419·발사구성(th75) 캐스케이드 클린 +0.00382·mdeb +0.0064·시간 +7.8s. 사전등록 상단 초과 — 캐너리 발사 승인 성립(codex R53b 조건 충족)"
lb_genrescue_prereg,2026-07-10,jeong,genrescue 캐너리 사전등록,v6,320,-,사전등록,,,,,"앵커 th75 0.78671. 클린 +0.00382(발사구성) × 입력수리 전이 0.5~1.0 → 중앙 +0.0025 밴드 [+0.0008,+0.0040]. 판독: ≥+0.0015 액면전이 계열 확증·잔여 절단축(TTA 448) 가속 / +0.0002~15 부분회수 / <+0.0002 히든 절단분포 상이 진단. 시간 ~450s"
lb_genrescue,2026-07-10,jeong,GEN-rescue 캐너리 LB 판독,v6,320,-,LB실측,,,,0.78985,"th75 +0.00314 — 밴드 상단권 적중(중앙 +0.0025 상회), 실현 전이 0.82(클린 +0.00382 대비) = 입력수리 액면전이 계열 확증. 컷(0.78963) 돌파·12위권 진입. 495s(캡 여유 105s로 축소 주의). 계보 0.78671→0.78985. 절단축 확장(TTA 448·재학습 정합) 가속 사유 성립"
d1tta_gates,2026-07-10,jeong,D1 CompressView-TTA 게이트 실측(엔지니어),v6,320,-,클린게이트,,,,,"4/5 PASS(슬라이스 +0.0064·교차부호 1.0000·byte-id·캐스케이드 +0.00073), 시간게이트 분기: 3멤버 534s FAIL/2멤버 520s PASS — codex R55b 속결: 2멤버(m1+mdeb) 채택, 3멤버는 klue 실측 ≥+0.0005 또는 524s 이하 시 재승격"
lb_d1tta_prereg,2026-07-10,jeong,d1tta 캐너리 사전등록,v6,320,-,사전등록,,,,,"앵커 genrescue 0.78985. 클린 캐스케이드 +0.00073(m1 채널 과소추정) × 입력계 전이 0.5~1.0 → 중앙 +0.0005 밴드 [+0.0001,+0.0010]. 시간 ~520s. λ0.5/th0.5 고정(스윕 금지)"
lb_d1tta,2026-07-10,jeong,d1tta(압축뷰 2패스 m1+mdeb) LB 판독,v6,320,-,LB실측,,,,0.78992,"genrescue +0.00007 — 밴드 하한(+0.0001) 미달 flat-양성, max-public 갱신·적립. 520s(시간모델 정확 적중). 사전등록대로 압축뷰 축 종료. 교리 갱신 소재: rescue 전이 0.82 vs compress 0.1 — '훈련분포 복원'과 '신규 입력형태'의 차이"
mdeb384_probe,2026-07-10,jeong,mdeb@384 부호 프로브(전략가 #9),v6,384,-,fold0프로브,,,,,"혼합: 멤버 F1 -0.00042·캐스케이드 +0.00091·풀린행 +0.0003·양쪽절단 -0.0030. 교리 할인 적용 기대 <+0.0003 = R55 발사선 미달 → codex R57c 폐쇄. GPU 48s·제출 0발. 멤버별 max_len 오버라이드 구현은 자산화(6af9fae)"
lb_ra45,2026-07-10,jeong,ra45(재적합 좌표 조기발사=계기 캘리브) LB,v6,320,-,LB실측,,,,0.78973,"anchor -0.00019 — 경계선 flat(밴드 내). Stage1 계기(+0.00067)의 LB 전이 부재 = m1-only 편향 의심 지지. 판독 프로토콜: 밤 재적합 문턱 +0.0004 유지 + Stage1 불신 강화. 앵커 불변(사전등록). 474s"
lb_mdeb384,2026-07-10,jeong,mdeb@384 방향타 LB,v6,384,-,LB실측,,,,0.79002,"anchor +0.00010 — flat(개방선 +0.0003 미달)이나 **신기록·첫 0.79 돌파**(적립). 사전등록 분기: 추론시 길이확장 전면 폐쇄(T1과 합쳐 교리 완결) — 길이축은 T3 재학습 전용 확정. 496s"
refit_night_verdict,2026-07-10,jeong,밤 재적합 4폴드 완전체 재판정,v6,320,-,계기판정,,,,,"Stage1 통과 0 + 레드팀 비GEN삭제 제한계기(ra45 부검으로 실증): 가중축 전 좌표 3계기 split 전멸. th 프런티어 단조상승 발견(th0.85 3/3 생존, 상한=시간캡). 신설 룰: 이득이 GEN삭제행 집중이면 자동기각"
lb_th85_prereg,2026-07-10,jeong,th85(mdeb384+th0.85) 사전등록,v6,384,-,사전등록,,,,,"3자 서명. 앵커 0.79002, 중앙 +0.0001 밴드 [-0.0001,+0.0004], ~526s(worst 540<555). ≥+0.0002면 th축 지속(시간 엔지니어링 후 th0.9 재론), flat이면 th축 종료. 2발째는 포기(후보 공집합 — 소음이 내일 T3 캐너리 기준선 오염)"
lb_th85,2026-07-10,jeong,th85(mdeb384+th0.85) LB 판독,v6,384,-,LB실측,,,,0.79026,"anchor +0.00024 — 신기록·사전등록 'th축 지속' 분기 발동(≥+0.0002). 시간 558s(!) — 모델 추정 526s를 +32s 초과, 570s 안전선까지 12s: th0.9는 시간 엔지니어링 선결. 계보 0.79002→0.79026"
lb_thasym95,2026-07-10,jeong,thasym95(mdeb@0.95·klue@0.75) LB 판독,v6,384,-,LB실측,,,,0.79024,"th85 -0.00002 flat — 사전등록 'th축 종결' 발동(대칭·비대칭 소진, 잔여는 T3뿐). 3계기 양수(+0.0002)가 LB 0으로 붕괴 = R57 선택기 상한(honest 음수)의 재실증. 553s. 은행 th85 0.79026 유지. 리플레이 캘리브 수확: 경합비 1.25~1.28 일관(2점)"
t3_320_probe,2026-07-10,jeong,T3-320 프로브(v6 12ep rescue+mht12 fold0),v6,320,-,fold0프로브,,,,,"best ep10 val 0.7622(ep11 0.7573·ep12 0.7565 하강) — 배포 GO선(0.7605) 돌파, 공정 기준선(0.7576=구피크+기적립rescue몫) +0.0046. m1-T3 FULL 발진 승인. covered-OOF 0.7622"
t3_mdeb_probe,2026-07-11,jeong,mdeb-T3 프로브(v6 12ep FGM+rescue+mht12 fold0),v6,320,-,fold0프로브,,,,,"best ep12 val 0.7640(최종에폭 피크·미수렴 — ep7 0.7590→ep11 0.7600→ep12 0.7640 재상승) — 기준선 0.749 대비 +0.015, 이중계상 보정(-0.0035)해도 +0.0115 순양수. mdeb-T3 FULL GO 근거 성립. 단 곡선 미수렴이라 FULL 깊이는 ep12/1.25≈9.6→10ep 환산+3자 서명 필요(끝점외삽금지). covered-OOF 0.7640, 201분"
lb_m1t3_prereg,2026-07-11,jeong,m1t3(th85+m1→T3full8ep+mht12) 사전등록,v6,320,-,사전등록,,,,,"3자 서명(codex 조건부GO 게이트 전부 반영). 계기 Δ(B-A)=+0.00577 CI95[+0.0016,+0.0098] P(Δ<=0)=0.0035, 보수 +0.0028. 앵커 0.79026, 중앙 +0.0018, 밴드 [+0.0005,+0.0045]. 분기: >=+0.002 성공신호 / +0.0005~2 성공 / ±0.0005 판정불가 / 음수 부검 / <앵커 th85 복귀"
m1t3_gateC_autopsy,2026-07-11,jeong,m1t3 게이트C 부검(홀드아웃 5k),v6,320,-,parity부검,,,,,"cascade Δ-0.0089(경보선 -0.005 초과). 배선 무혐의(실경로 mht12 실증). m1 솔로 균일결손: 동일텍스트행 -0.0116/변경행 -0.0154 — 파이프라인 FULL 격차 δ 가설. codex R63b: 마이크로HOLD, 대조군 m1h8full로 δ/τ 분리, GO조건 τ_cascade>=+0.003∧CI>0∧τ_solo>=0"
lb_m1t3,2026-07-11,jeong,m1t3(th85+m1→우리T3full8ep·mht12) LB 판독,v6,320,-,LB실측,,,,0.78651,"anchor -0.00375 — 사전등록 <앵커 분기 발동: th85 복귀·재제출 금지. δ_dep 실측(조원m1→우리m1+T3 교체의 배포 순효과, codex R63c 2×2의 τ_member+δ 직접 측정). 게이트C 홀드아웃 -0.0089 → LB -0.00375 (전이비 ~0.42, 홀드아웃→LB 캘리브 자산). 시간 581s(!) — 레드팀 R64 추정 571~584s 적중, 570s 운영캡 초과·600s 공식캡 통과. 운영자 직접 제출(10:16:42, 슬롯 31239). τ 판정(m1h8full, ~12:15)으로 δ/τ 분해 계속"
tau_delta_verdict,2026-07-11,jeong,τ/δ 분리 판정(m1h8full 대조군·5k),v6,320,-,판정,,,,,"회색 — τ_casc +0.00162 CI95[-0.00332,+0.00646] 0걸침(GO선 +0.003 미달), τ_solo +0.00422 양수, δ_solo -0.02234/δ_casc -0.01034. 해석: T3 처치 유효하나 우리 m1 FULL이 조원보다 크게 약함(δ가 사망원인 — C1 재해석 확정). 정합성: δ_casc+τ_casc≈게이트C -0.0089, ×0.42≈LB -0.00375 — 계기사슬 일관. 분기(레드팀 R65 사전서명): mdeb-T3 완주 허용, 제출은 게이트E 강화판(casc>=+0.0025∧CI하한>0), 조원 m1-T3 재학습 보류"
delta_klue_probe,2026-07-11,jeong,δ_klue 프로브(우리 kluefull vs 배포 m3·5k paired),v6,320,-,계기실측,,,,,"solo +0.00045(무시)·cascade Δ=0.0 정확(5k 최종예측 변화 0행) CI[0,0] — klue 교체는 캐스케이드에 계측가능 영향 없음(w0.15·슬로프 0.023 실증). klue축(δ·T3 공히) 공식 폐쇄. GPU1 ~10분"
gateE_mdebt3,2026-07-11,jeong,mdeb-T3 FULL 게이트E(5k m2스왑 paired),v6,320,-,게이트판정,,,,,"NO-GO — casc Δ-0.00298 CI[-0.00784,+0.00119](GO선 +0.002 미달·강화판 +0.0025∧CI>0 완전 미달), solo -0.00557, same-text -0.00115(경보선 내)·h12변경행 -0.01534(m1t3 게이트C와 동형). LB환산(0.42) -0.00125. 조립·제출 자동중단(codex#5 사전서명). T3-FULL 축: m1 LB실측 음성·mdeb 게이트E 음성·klue 폐쇄 — 전 캐리어 사망. fold계기(mdebr +0.0174)의 FULL 비전이 재실증. 학습산출물 격리 보존(member_mdebt3full). 10ep 219.7분 GPU0"
postmortem_mdebt3_h8,2026-07-11,jeong,mdeb-T3 h8서빙 부검(손상원인 분해),v6,320,-,계기실측,,,,,"mdeb-T3를 h8(구서빙)로 재추론: solo -0.00517/casc -0.00341 vs 조원-mdeb — h12서빙(-0.00557)과 동일 수준 → 손상은 서빙 아닌 T3 학습(rescue+h12) 자체 또는 깊이(10ep vs mdebfull 12ep) 교란. 우리 h8 mdebfull은 +0.00207이었으므로 T3암은 자기 h8 FULL 대비 -0.007. GPU0 ~7분"
synthfull_launch,2026-07-11,jeong,synth-FULL 투기 발진(mdebfull 레시피+synth 1007행),v6,320,-,발진,,,,,"3자 서명(R67). 12ep FGM h8 seed1234 + AD_AUG=synth 단일차분. CP1 교정(가중 y[:N_REAL])·CP2 헤더검증 통과. kill스위치=17:40 프로브 수치FAIL. 제출게이트: 자기짝 스왑 양수∧집중성≥50% + 배포대비 casc≥+0.001 + codex 강화판 casc≥+0.0025∧CI>-0.001 + parity/리플레이. 완주 ~19:50"
mdebswap_prereg,2026-07-11,jeong,mdebswap 사전등록(th85+m2가중치만 우리 mdebfull),v6,384,-,사전등록,,,,,"R68 3자 서명(codex 리플레이 면제 불승인→17:45 GPU1 리플레이 후 제출·레드팀 8행 스모크 대체검증 8/8 PASS). 목적: ①은행 미세상승 ②synth-FULL LB 대조군 ③swap-δ 전이 캘리브 2점. 앵커 0.79026, 중앙 +0.0003, 밴드 [-0.0010,+0.0015](레드팀 수정 — 하한 확장). 분기: <은행-0.0010 스왑축 폐쇄·synthFULL 게이트2 상향 / <은행-0.0030 대조군 무효·부검 / >+0.0015 적립·외삽금지. 시간: th85와 물리 동일(가중치만), paired 리플레이 T≤T(th85)+2s"
mdebswap_handover,2026-07-11,jeong,mdebswap 제출 인도(운영자 리플레이 면제 직권),v6,384,-,제출인도,,,,,"16:55 운영자에게 인도 — 운영자 직권 '오늘 검증생략·의미있는것 전부 제출' 지시로 codex 리플레이 조건 대체(레드팀 WAIVE+스모크 8/8이 뒷받침, 시간물리 th85 동일). 판독은 mdebswap_prereg 밴드 그대로"
lb_mdebswap,2026-07-11,jeong,mdebswap LB 판독,v6,384,-,LB실측,,,,0.78913,"anchor -0.00113(사전등록 하한 -0.0010 이탈) — 분기: 우리-mdebfull 스왑축 폐쇄·synthFULL 자기짝 게이트 상향(casc≥+0.003∧CI>0, LB요구 +0.00113÷0.42). 시간 543s(th85 558s -15s). 계기 캘리브: 5k 점추정 +0.00065(비유의)가 LB -0.00113 — CI내 정합, 점추정 가산금지 교훈 재확증. synth-FULL의 LB 대조군 값 확보(synthFULL_LB - 0.78913 = synth 순효과). 슬롯 31406, 17:00:47"
moonshot_probe_verdict,2026-07-11,jeong,문샷 fold0 프로브 판정,v6,320,-,게이트판정,,,,,"FAIL — best ep12 0.7595 < 통과선 0.7665(-0.0070), 기준선 best 0.7640 대비 -0.0045≤0 → §6.3 문샷 폐쇄(재롤 없음). 집중성 사후판독: read_file +0.0201 획득했으나 비타겟 파손 lint -0.0286/web_search -0.0168/plan_task -0.0161 — 스필오버 인공물(비타겟≤0.002 조항의 실패모드 실증). synth-FULL 사전서명대로 kill(ep8/12, 산출물 폐기). 205분 GPU1"
night_replication_launch,2026-07-11,jeong,밤 복제실험 체인 발진(R69 3자),v6,320,-,발진,,,,,"GPU0: m1h8full s777/s2025/s4242(각 8ep 2h)+m1t3full_s777(τσ페어) 순차. GPU1: mdebfull s777/s2025(각 12ep 4.4h). 목적: δ_m1 3점 재측정+σ̂ 2dof — 06:30 사전등록 분기(B-REOPEN/A-CONFIRM/GRAY, work/r69_redteam_strategist.md). 최고시드 선택 금지(codex). PID 로그 work/night_chain_gpu*.log"
lb_th85_resubmit,2026-07-11,jeong,th85 동일재제출(σ_LB 영점사격),v6,384,-,LB실측,,,,0.79026,"0.7902603699 — 원본(30881)과 소수 10자리 동일 → **σ_LB=0, LB 점수는 파일 결정적**. 전 서브-0.001 판정 정식 승격(잠정격하 조항 해제), 내일 판독 해상도 최대. 시간 551s(원본 558s, ±7s 서버분산) → 내일 후보 시간예산 중앙 ≤555s 확정. 슬롯 31488, 19:44"
m1swapcal_prereg,2026-07-11,jeong,m1스왑 캘리브샷 사전등록(th85+m1→우리s1234 q8),v6,320,-,사전등록,,,,,"R70b 3자(codex#10 대서명·레드팀 설계·운영자). **은행 비적격 캘리브 전용**(단일시드 승격 아님). 분모 실측(q8 제출물 그대로): x_solo -0.02271, x_casc -0.00986 CI[-0.01502,-0.00504]. β예측표: 0.30→0.78730/0.42→0.78612/0.55→0.78484/1.0→0.78040. 판독분기: LB∈[0.78484,0.78730]→β̂∈[0.30,0.55] 확정·내일 판독밴드 β̂ 기준 / <0.7820→β≈1 세계·레버 재가격 / >0.7885→β<0.15·CI단독판정 / ≥0.79026→δ 히든셋 비실재(자동재개방 없음). 시간=th85 물리동일(551/558±7s). 스모크 8/8"
m1swapcal2_prereg,2026-07-11,jeong,m1스왑 캘리브샷2 사전등록(s777 쌍둥이),v6,320,-,사전등록,,,,,"codex#10 조건부(슬롯1 유효제출 시 완전동일 쌍둥이). 분모 실측(q8): x_solo -0.01854, x_casc -0.01055 CI[-0.01600,-0.00571]. β예측: 0.42→0.78583/1.0→0.77971. 판독: β̂ 선형성/안정성 검증 + 분모무관 LB공간 시드Δ 직접측정(s1234 vs s777). 은행 비적격 캘리브 전용. 제출 전 슬롯1 결과로 y2 예측치 선게시 의무(레드팀)"
delta_3points,2026-07-11,jeong,δ 3점 완성(s1234/s777/s2025·5k solo),v6,320,-,계기실측,,,,,"δ: s1234 -0.02234 / s777 -0.01833 / s2025 -0.02232 — max -0.01833, σ̂≈0.0023. R69 사전등록 A-CONFIRM 조건(max≤-0.015 ∧ σ̂≤0.005) 충족: **평문 레시피(무SWA·무FGM) 우리측 FULL 재학습 축 폐쇄**(시드운 아님, 체계적). 우선순위 규칙: SWA2 재현런(~00:20)·FGM 차분런이 잔여 판정. 06:30 공식 집행"
lb_m1swapcal,2026-07-11,jeong,m1스왑 캘리브샷 LB 판독,v6,320,-,LB실측,,,,0.78735,"anchor -0.00291. β̂ = -0.00291/-0.00986 = **0.295≈0.30** (밴드 하단 — m1t3 암시치 0.42와 함께 m1축 전이비 β∈[0.30,0.42] 확정). 시간 570s(!) — 물리동일 zip이 551/558/570s: 서버 시간분산 ±10s로 상향 → 후보 시간예산 중앙 ≤550s 강화. 내일 판독: 5k casc × 0.30~0.42로 환산. 슬롯 31531, 20:54"
lb_m1swapcal2,2026-07-11,jeong,m1스왑 캘리브샷2(s777) LB 판독,v6,320,-,LB실측,,,,0.78641,"anchor -0.00385. β̂₂=0.365 — 3점(0.42/0.295/0.365) 완성: **β=0.36±0.06 선형·안정**. 시드 순서 적중(5k casc 열세→LB 열세: 캐스케이드 계기가 순서 예측력 보유). gate_m1wsT3 중앙 0.36× 실측 정합. 시간 558s. 슬롯 31608, 23:00. m1축 β 캘리브 종결 — 추가 캘리브샷 불필요"
m1wsT3_prereg,2026-07-11,jeong,m1wsT3 v1/v2 사전등록(배포m1 warm-start T3-lite),v6,320,-,사전등록,,,,,"R71b~R72b 3자 완비. v1(체인d): lr5e-6·2ep·65k(5k제외)·rescue+mht12·FGM규칙(paired>=+0.002) — 게이트 casc>=+0.0025∧CI>0∧solo>=0∧sametext>=-0.002. v2(체인1b): 단일차분 lr1e-5 — 게이트 +0.0035 또는 v1대비 >=+0.001 우위(선택페널티, codex#14). 슬롯1 정확히 1개(둘다 통과시 우위자). LB밴드: 0.36×casc [0.25×,0.50×], 앵커 0.79026. 서빙 h8(τ측정 기준·th85 물리·시간 551~570s). 첫 제출 10:30(리플레이 의무)"
swa_verdict,2026-07-12,jeong,SWA2 재현런 판정(사전등록 집행),v6,320,-,판정,,,,,"DEAD — δ_swa -0.02671, SWA_paired **-0.00839**(SWA 해악, 레드팀 SWA3 역사예측 적중). 배포 m1 우위의 원인은 SWA 아님 → FGM 차분런 자동분기(23:50). **ε̂(동일시드 재현노이즈) 첫 실측 0.0033** — 시드간 σ̂(0.0023)보다 큼 = FULL 런 노이즈바닥. m1wsT3 게이트(+0.0025)가 ε̂ 아래라는 통계 이슈 발생 → R73 재검토 안건"
m1wsT3_readout_prereg,2026-07-12,jeong,R73 판독계층 사전등록(게이트 JSON 생성 전 커밋),v6,320,-,사전등록,,,,,"ε̂ 범주오류 확정(게이트 동결·상향 재론 기각) / solo GRAY 라이더(유일사유 d_solo∈[-0.001,0)→GRAY) / PASS 2단(solid≥+0.0035·noisy) / LB하한 0.79026+0.25×max(0,casc-0.001) / β4점 casc≥+0.005만 전가중 / |casc_v1-v2| ε_FT 상계 기록 / 슬롯2-3 무효화(W-(a) 판별식 FGM≥+0.0214=물리모순) / soup wise(α) 사전등록 / ε̂_FT 계기런 규칙. 전문 work/r73_readout_prereg.md"
m1wsT3_prereg_errata,2026-07-12,jeong,R73 실행 전 수리 3종,v6,320,-,정오표,,,,,"①AD_PRUNE=1→0(warm-start init 기프룬 vocab 49822 — 이중프루닝 크래시 방지, sbwt 선례 경로) ②gpu1b FGMFLAG 원샷판독→체인d 런치라인 상속(+75분 타임아웃 폴백0) ③v2 게이트 클론 /tmp→sim/(ROOT 계산 즉사 버그)+임계 sed +0.0035 추가. 체인 kill·수리·재발사 01:00"
fgm_paired_readout,2026-07-12,jeong,FGM 차분런 판독,v6,320,-,계기실측,,,,,"fgm_paired +0.01021(우리 plain s777 대비)·delta_vs_deployed -0.00811 — FGM이 δ(-0.0183)의 큰 몫 설명(레시피 고고학 적중), 완전폐쇄 아님. include_fgm=true → v1/v2 FT에 FGM=1 상속. <+0.018이라 컷급 콤보(m1t3full_fgm1) 미발진(R73 §5)"
m1wsT3_v1v2_gate,2026-07-12,jeong,warm-start T3-lite v1/v2 게이트,v6,320,-,게이트판정,,,,,"v1(lr5e-6): casc +0.0002 CI[-0.0023,+0.0025] NO-GO. v2(lr1e-5): casc +0.00176 CI[-0.0009,+0.0047] solo +0.0001 NO-GO(바 +0.0035·CI 0걸침). |casc_v1-v2|=+0.00156(방향일치·차<0.002 → 방향재현 신뢰상향). 해석: v2 casc≈τ_casc(+0.0016) 완전추출 — warm-start=m1축 천장, LB환산 +0.0006<게이트바. LB중앙 0.79089. 조립보류→3자 엔드게임 판정"
m1wsT3b_probe_prereg,2026-07-12,jeong,v2 warm-start LB프로브 사전등록(제출 전),v6,320,-,사전등록,,,,,"레드팀 R74=A(4가드레일): **은행돌파 주장 아닌 warm-start축 LB프로브**. P(LB>은행)≈76-89%(중앙~82%, d_casc z=1.24→P(casc>0)=0.89), P(LB<은행-0.001)≈0.1-3%. 중앙 0.79089, 밴드[0.79070,0.79114]. 판독=warm-start축 β 4점째(반가중·FULL축 풀과 분리)+축검증. 게이트 verdict NO-GO 기록 불변·재게이트/상수완화 금지·재롤 무페널티 아님. LB>은행이면 배포포인터 갱신(σ_LB=0 무페널티 부기). 프로브 라이선스 조건(σ_LB=0∧양중앙∧CI하한>-0.001∧마지막 양중앙축) 전부 충족. codex#16 확인 후 제출"
leaderboard_072_0827,2026-07-12,jeong,실제 리더보드 스냅샷(08:27),-,-,-,관측,,,,,"우리=Sudo(감자·호얏) **19위 0.7902666**(=은행 th85). **컷(12위)=HUE 0.7928272 → 격차 +0.00256**. 밀집: 16성크크0.790645/17김겸진0.790562/18솔라빔0.790324/**19우리0.790267**/20송루션0.790224/21한울0.790156(6팀 0.0005폭). 상위폭주 1위0.79795·3위0.79484·컷상승중. 함의: top-12=warm-start천장(+0.0006)의 4배 = 측정경로 도달불가. v2프로브(+0.0006)는 순위방어(19→~16)용. 다수팀 활발제출(1분·27분·32분전)"
